いち	一	one
いちじ	一時	one o'clock
に	二	two
にじ	二時	two o'clock
さん	三	three
さんじ	三時	three o'clock
よん	四	four
よんじ	四時	four o'clock
ご	五	five
ごじ	五時	five o'clock
ろく	六	six
ろくじ	六時	six o'clock
ろっぴゃく	六百	six hundred
シチ/なな	七	seven
しちじ	七時	seven o'clock
はち	八	eight
はちじ	八時	eight o'clock
はっぴゃく	八百	eight hundred
きゅう	九	nine
くじ	九時	nine o'clock
じゅう	十	ten
じゅうじ	十時	ten o'clock
ひゃく	百	hundred
さんびゃく	三百	three hundred
せん	千	thousand
さんぜん	三千	three thousand
はっせん	八千	eight thousand
いちまん	一万	ten thousand
じゅうまん	十万	one hundred thousand
ひゃくまん	百万	one million
ひゃくえん	百円	one hundred yen
にほん	日本	Japan
にちようび	日曜日	Sunday
にほんじん	日本人	Japanese people
ひとりで	一人で	alone
げつようび	月曜日	Monday
いちげつ	一月	January
かようび	火曜日	Tuesday
すいようび	水曜日	Wednesday
みず	水	water
もくようび	木曜日	Thursday
きんようび	金曜日	Friday
どようび	土曜日	Saturday
うえ	上	top; above
した	下	under
なか	中	inside
さんじはん	三時半	half past three
やま	山	mountain
かわ	川	river
げんきな	元気な	fine
てんき	天気	weather
わたし	私	I
いま	今	now
きょう	今日	today
たなかさん	田中さん	Mr./Mrs. Tanaka
やまださん	山田さん	Mr./Mrs. Yamada
おんなのひと	女の人	woman
おとこのひと	男の人	man
みる	見る	to see
いく	行く	to go
たべる	食べる	to eat
のむ	飲む	to drink
ひがし	東	east
ひがしぐち	東口	east exit
にし	西	west
にしぐち	西口	west exit
みなみ	南	south
みなみぐち	南口	south exit
きた	北	north
きたぐち	北口	north exit
でる	出る	to exit
でぐち	出口	exit
みぎ	右	right
ひだり	左	left
ごふん	五分	five minutes
じゅっぷん	十分	ten minutes
じぶん	自分	oneself
はんぶん	半分	half
せんせい	先生	teacher
がくせい	学生	student
だいがくせい	大学生	college student
だいがく	大学	university
がいこく	外国	foreign country
とうきょう	東京	Tokyo
きょうこ	京子	Kyoko
こども	子供	child
ちいさい	小さい	small
あう	会う	to meet
かいしゃ	会社	company
ちち	父	father
おとうさん	お父さん	father
おかあさん	お母さん	mother
たかい	高い	expensive
こうこう	高校	high school
こうこうせい	高校生	high school student
がっこう	学校	school
まいにち	毎日	every day
にほんご	日本語	Japanese language
ぶんがく	文学	literature
はいる	入る	to enter
かいしゃいん	会社員	office worker
あたらしい	新しい	new
しんぶん	新聞	newspaper
きく	聞く	listen
つくる	作る	to make
でんしゃ	電車	train
でんき	電気	electricity
くるま	車	car
やすむ	休む	to be absent; to rest
やすみ	休み	holiday; absence
いう	言う	to say
よむ	読む	to read
おもう	思う	to think
つぎ	次	next
なに	何	what
なんじ	何時	what time
なんにん	何人	how many people
ごぜん	午前	A.M.
ごご	午後	P.M.; in the afternoon
ごぜんちゅう	午前中	in the morning
のあと	の後	after...
あとで	後で	later
うしろ	後ろ	back; behind
なまえ	名前	name
しろい	白い	white
あめ	雨	rain
かく	書く	to write
ともだち	友達	friend
じかん	時間	time
にじかん	二時間	two hours
あいだ	間	between
いえ	家	house
はなす	話す	to speak
すこし	少し	a little
ふるい	古い	old (for things)
しる	知る	to know
くる	来る	to come
きます	来ます	to come
こない	来ない	not to come
すむ	住む	to live
おしょうがつ	お正月	New Year
さんねんせい	三年生	third-year student
らいねん	来年	next year
ことし	今年	this year
とし	年	year
うる	売る	to sell
かう	買う	to buy
ながい	長い	long
ゆき	雪	snow
たつ	立つ	to stand
よる	夜	night
あさ	朝	morning
もつ	持つ	to hold
てがみ	手紙	letter
かしゅ	歌手	singer
すきな	好きな	to like
きんじょ	近所	neighborhood
あかるい	明るい	cheerful; bright
びょういん	病院	hospital
びょうき	病気	illness
えいが	映画	movie
うたう	歌う	to sing
うた	歌	song
かわぐちし	川口市	Kawaguchi city
いろいろなところ	いろいろな所	various places
べんきょうする	勉強する	to study
つよい	強い	strong
ゆうめいな	有名な	famous
りょこう	旅行	travel
むかしむかし	昔々	once upon a time
ひとびと	人々	people
じんじゃ	神社	shrine
はやい	早い	early
おきる	起きる	to get up
うし	牛	cow
つかう	使う	to use
はたらく	働く	to work
つれてかえる	連れて帰る	to take home
いちど	一度	once
こんど	今度	near future
あか	赤	red color
あかい	赤い	red
あお	青	blue color
あおい	青い	blue
いろ	色	color
たべもの	食べ物	food
かいもの	買い物	shopping
とり	鳥	bird
やすい	安い	cheap
ごはん	ご飯	rice; meal
あさごはん	朝ご飯	breakfast
にく	肉	meat
わるい	悪い	bad
きぶんがわるい	気分が悪い	to feel sick
くうこう	空港	airport
くうき	空気	air
きる	着る	to wear
おなじ	同じ	same
うみ	海	sea
ひる	昼	noon; daytime
ひるごはん	昼ご飯	lunch
ウエイター		waiter
おじいさん		grandfather; old man
おたく		(someone's) house/home
おとな	大人	adult
がいこくご	外国語	foreign language
がっき	楽器	musical instrument
からて	空手	karate
カレー		curry
きもの	着物	kimono; Japanese traditional dress
ケーキ		cake
こうこく	広告	advertisement
こうちゃ	紅茶	tea (black tea)
ゴルフ		golf
セーター		sweater
ぞう	像	elephant
バイオリン		violin
バイク		motorbike
ぶっか	物価	(consumer) prices
ぶんぽう	文法	grammar
べんごし	弁護士	lawyer
ぼしゅう	募集	recruitment
みせ	店	shop; store
やくざ		yakuza; gangster
やくそく	約束	promise; appointment
レポート		(term) paper
わたくし	私	I (formal)
うれしい		glad
かなしい	悲しい	sad
からい	辛い	hot and spicy; salty
きびしい	厳しい	strict
ちかい	近い	close; near
いろいろな		various; different kinds of
しあわせな	幸せな	happy (lasting happiness)
だめな		no good
あむ	編む	to knit
かす	貸す	to lend; to rent (thing を person に)
がんばる	頑張る	to do one's best; to try hard
なく	泣く	to cry
みがく	磨く	to brush (teeth); to polish
やくそくをまもる	約束を守る	to keep a promise
かんどうする	感動する	to be moved/touched (by...) （に）
いらっしゃいませ		(someone honorable) is present/home
かい	回	...times
キロ		...kilometers; ...kilograms
ぜんぶ	全部	all
ともうします	と申します	my name is ...
よろしくおねがいします	よろしくお願いします	thank you (in advance)
けいざい	経済	economics
とこや	床屋	barber shop
びよういん	美容院	beauty parlor
こうざ	口座	account
りし	利子	interest
てすうりょう	手数料	commission
つうちょう	通帳	passbook
よきん	預金	savings
ひゃくえんだま	百円玉	100-yen coin
きんがく	金額	amount
あんしょうばんごう	暗証番号	personal identification number
こうざをひらきたいんですが。	口座をひらきたいんですが。	I would like to open an account.
こうざをとじたいんですが。	口座を閉じたいんですが。	I would like to close an account.
ドルをえんにかえてください。	ドルを円にかえてください。	Please change dollars into yen.
こぎってをげんきんにしたいんですけど。	小切手を現金にしたいんですけど。	I would like to cash this check.
こうざにおかねをふりこみたいんですが。	口座にお金を振り込みたいんですが。	I would like to deposit money into the account.
アメリカにそうきんしたいんですが。	アメリカに送金したいんですが。	I would like to send the money to America.
いちまんえんさつをせんえんさつじゅうまいにりょうがえできますか。	一万円札を千円札十枚に両替できますか。	Can you change a 10,000-yen bill into ten 1,000 yen bills?
おかねをおろします。	お金をおろします。	I will withdraw money.
けいけん	経験	experience
なんでも		anything; everything
ニヤニヤする		to grin
ふあんな	不安な	uneasy; worried
からだにいい	体にいい	good for health
いちにちにいちど	一日に一度	once in a lifetime
やっぱり		after all
もう～ない		not any longer
まんいんでんしゃ	満員電車	jam-packed train
だいいちいんしょう	第一印象	the first impression
こむ	込む	to get crowded
こんでいる	込んでいる	to be crowded
ラッシュ		the rush hour
スーツケース		suitcase
かんがえる	考える	to think about... （～のことを）
かれ	彼	boyfriend
かのじょ	彼女	she; girlfriend
じだい	時代	age; era
りゅうがくせい	留学生	foreign student
かぞく	家族	family
ちちおや	父親	father
しんせつな	親切な	kind
きる	切る	to cut
えいご	英語	English
きょねん	去年	last year
きゅうに	急に	suddenly
のる	乗る	to ride
おんがく	音楽	music
たのしい	楽しい	fun
いしゃ	医者	doctor
あに	兄	(my) older brother
おおやさん	大家さん	landlord
おかえし	お返し	return (as a token of gratitude)
おくさん	奥さん	(your/his) wife
おじさん		uncle; middle-aged man
おばさん		aunt; middle-aged woman
クラブ		club; student society
クリスマス		Christmas
ごしゅじん	ご主人	(your/her) husband
カップ		tumbler; glass
さら	皿	plate; dish
チョコレート		chocolate
でんしメール	電子メール	e-mail
ぬいぐるみ		stuffed animal (e.g. teddy bear)
ネクタイ		necktie
はは	母	(my) mother
バレンタインデー		St. Valentine's Day
ビデオカメラ		camcorder
ふうふ	夫婦	married couple; husband and wife
ホワイトデー		White Day
マフラー		winter scarf
まんが	漫画	comic book
マンション		multistory apartment; condominium
みかん		mandarin
ゆびわ	指輪	ring
ラジオ		radio
りょうしん	両親	parents
りれきしょ	履歴書	resume
ほしい	欲しい	to want (thing が)
けち（な）		stingy; cheap
にあう	似合う	to look good (on somebody) (person に)
あきらめる		to give up
あげる		to give (to others) (thing を person に)
くれる		to give (me) (thing を person に)
できる		to come into existence; to be made （～が）
そうだんする	相談する	to consult (person に)
プルポーズする		to propose marriage (person に)
こんな		...like this; this kind of...
たち		[makes a noun plural]
わたしたち	私たち	we
ちょうど		exactly
よく		well
こ	個	[generic counter for small items]
さつ	冊	[counter for bound volumes]
だい	台	[counter for equipment]
ひき	匹	[counter for smaller animals]
なやみ	悩み	worry
アドバイス		advice
せんぱい	先輩	senior members of a group
ねんかん	年間	for ... years
あいす	愛す	to love
どうしたらいい		What should one do
しゅっちょう	出張	business trip
ばあい	場合	case
しぬ	死ぬ	to die
いみ	意味	meaning
なつ	夏	summer
なつやすみ	夏休み	summer vacation
さかな	魚	fish
おてら	お寺	temple
ひろば	広場	square; open space
じてんしゃ	自転車	bicycle
かりる	借りる	to borrow
はしる	走る	to run
たてもの	建物	building
ちか	地下	underground
あし	足	foot; leg
え	絵	painting; picture; drawing
えいがかん	映画館	movie theater
がいこくじん	外国人	foreigner
かぐ	家具	furniture
かんこう	観光	sightseeing
けっこんしき	結婚式	wedding
じしん	地震	earthquake
しめきり	締切	deadline
ジャケット		jacket
しゅうかん	習慣	custom
ぜいきん	税金	tax
そつぎょうしき	卒業式	graduation ceremony
そば		soba; Japanese buckwheat noodle
ちず	地図	map
でんち	電池	battery
にわ	庭	garden
はっぴょう	発表	presentation
ばんぐみ	番組	broadcast program
プール		swimming pool
ペット		pet
よてい	予定	schedule
わりびきけん	割引券	discount coupon
ひろい	広い	spacious; wide
おろす	下ろす	to withdraw (money)
かく		to draw; to paint
さがす	探す	to look for
さそう	誘う	to invite
つきあう	付き合う	(1) to date (someone) (person と) (2) to keep company (purpose に)
ほけんにはいる	保険に入る	to buy insurance
きをつける	気をつける	to be cautious/careful （～に）
しらべる	調べる	to look into (a matter) (matter を)
すてる	捨てる	to throw away
みえる	見える	to be visible
そつぎょうする	卒業する	to graduate (from...) (school を)
よやくする	予約する	to reserve
いちにちじゅう	一日中	all day long
けど		..., but; ..., so
さいきん	最近	recently
について		about...; concerning...
ばん	番	number...
もういちど	もう一度	one more time
ホテル		hotel
ビジネスホテル		business hotel
ユースホステル		youth hostel
りょかん	旅館	Japanese-style inn (Room prices usually include breakfast and dinner.)
みんしゅく	民宿	guest house (Room prices usually include breakfast and dinner.)
はく	泊	... nights (何拍/一泊/二泊/三泊/四泊・・・・・・)
つき	付	with...
しょくじつき	食事付	with meals
いっぱくにしょくつき	一泊二食付	one night with two meals
チェックイン（する）		checking in
チェックアウト（する）		checking out
シングル		single room
ダブル		double room
ツイン		twin room
めい	名	...person(s)
フロント		receptionist; front desk
うまれる	生まれる	to be born
げんばく	原爆	atomic bomb
のこす	残す	to leave; to preserve
へいわ	平和	peace
しま	島	island
みどり	緑	green
いちねんじゅう	一年中	all year
たのしむ	楽しむ	to enjoy
しぜん	自然	nature
たけ	竹	bamboo
けしき	景色	scenery
ビル		building
せんそう	戦争	war
て	手	hand; arm
とおる	通る	to pass; to go through
ホームレス		homeless
せかい	世界	the world
へや	部屋	room
はじまる	始まる	(something) begins
はじめる	始める	to begin (something)
まいしゅう	毎週	every week
せんしゅう	先週	last week
いじょう	以上	... or more
あける	開ける	to open (something)
ほんや	本屋	book store
みかた	味方	person on one's side
うんどう	運動	exercise
うんてん	運転	driving
おしえる	教える	to teach
きょうしつ	教室	classroom
えきいん	駅員	station attendant （さん）
おや	親	parent
ごみ		garbage
さとう	砂糖	sugar
しょうがくきん	奨学金	scholarship
しんせき	親せき	relatives
すいせんじょう	推薦状	letter of recommendation
だいがくいん	大学院	graduate school
たいふう	台風	typhoon
ひ	日	day
ファイル		file
みち	道	way; road; direction
めざましどけい	目覚まし時計	alarm clock
きたない	汚い	dirty
おこす	起こす	to wake (someone) up
おごる		to treat (someone) to a meal (person に meal を)
おちこむ	落ち込む	to get depressed
つれていく	連れていく	to take (someone) to (a place) (person を place に)
なおす	直す	to correct; to fix
みちにまよう	道に迷う	to become lost; to lose one's way
やくす	訳す	to translate (source を target に)
わらう	笑う	to laugh
アイロンをかける		to iron (clothes)
あつめる	集める	to collect
のりおくれる	乗り遅れる	to miss (a train, bus, etc.) （～に）
みせる	見せる	to show
あさねぼうする	朝寝坊する	to oversleep
せつめいする	説明する	to explain
むかえにくる	迎えに来る	to come to pick up (someone)
ええと		well...; let me see...
きょうじゅうに	今日中に	by the end of today
このあいだ	この間	the other day
このぐらい		about this much （＝これぐらい/このくらい/これくらい）
しつれいします	失礼します	Excuse me.; Sorry to interrupt you.
じぶんで	自分で	(do something) oneself
じゅぎょうちゅうに	授業中に	in class; during the class
ほかの		other
そら	空	sky
とぶ	飛ぶ	to fly
みらい	未来	future
ロボット		robot
どうぐ	道具	tool
ポケット		pocket
しょうがくせい	小学生	elementary school students
たすける	助ける	to help; to rescue
よろこんで	喜んで	happily
つづく	続く	to continue
うれる	売れる	to be sold
たとえば	例えば	for example
どこでも		anywhere
すると		... Then, ...
ばしょ	場所	place
よわい	弱い	weak
かいがい	海外	overseas
にじゅうごさい	二十五歳	twenty-five years old
ならう	習う	to learn
おもに	主に	mainly
けっこんする	結婚する	to marry
かつどう	活動	activity
せいかつ	生活	(daily) life
あるく	歩く	to walk
おのさん	小野さん	Mr./Mrs. Ono
ながの	長野	Nagano
おきゃくさん	お客さん	guest; visitor; client; customer
おとこ	男	man
おゆ	お湯	hot water
おんな	女	woman
かぎ		lock; key
かみ	紙	paper
きゅうりょう	給料	salary
コンタクト		contact lenses
さいてい	最低	the lowest; the worst
サラリーマン		salaryman; company employee
ざんぎょう	残業	overtime work
ストーブ		heater
たからくじ	宝くじ	lottery
ちがい	違い	differences
ニュース		news
ひげ		beard
ひみつ	秘密	secret
りょう	寮	dormitory
りょこうがいしゃ	旅行会社	travel agency
うらやましい		envious
すくない	少ない	a little; a few
えらぶ	選ぶ	to choose; to select
おゆをわかす	お湯を沸かす	to boil water
かみをとかす	髪をとかす	to comb one's hair
たからくじにあたる	宝くじに当たる	to win a lottery
ぬぐ	脱ぐ	to take off (clothes)
ひげをそる		to shave one's beard
かぎをかける		to lock （～に）
たりる	足りる	to be sufficient; to be enough
なれる	慣れる	to get used to... （～に）
けしょうする	化粧する	to put makeup on
しゅうしょくする	就職する	to get a full-time job (at...) (company に)
りこんする	離婚する	to get a divorce
おめでとうございます		Congratulations!
かなあ		I wonder... (casual)
そうか		I see. (casual)
にくらべて	に比べて	compared with...
によると		according to...
ろくじゅうねんだい	６０年代	60's
かんけい	関係	relations
げいじゅつ	芸術	art
おんがくか	音楽家	musician
し	詩	poem
かぞえる	数える	to count
くも	雲	cloud
なまえをつける	名前をつける	to name
かんせいする	完成する	to be completed
このような		like this
さくひん	作品	artistic piece
てんらんかい	展覧会	art exhibition
ひらく	開く	to hold (an event)
てんじょう	天井	ceiling
もじ	文字	letter; character
のてめの		~ for the sake of...
はだか	裸	naked
ただしい	正しい	correct
大セット	だいセット	big hit
ぶんや	分野	field; realm
はいく	俳句	haiku (Japanese poetry)
はしご		ladders
むしめがね	虫眼鏡	magnifying glasses
しゅふ	主婦	"house husband; ""stay at home dad"""
じゅうでうたれる	銃で撃たれる	be shot
ちからしごと	力仕事	physical labor such as construction
ふく	服	clothes
ようふく	洋服	Western clothes
しょくどう	食堂	dining room
じゅぎょう	授業	class
しけん	試験	exam
としょかん	図書館	library
しゅくだい	宿題	homework
あと	後	the rest
エアコン		air conditioning
カーテン		curtain
ぎゅうにゅう	牛乳	milk
シャンプー		shampoo
しょうゆ	しょう油	soy sauce
スイッチ		switch
スカート		skirt
そと	外	outside
タオル		towel
にっき	日記	diary
ポップコーン		popcorn
やちん	家賃	rent
ゆうがた	夕方	evening
ラジカセ		casette player with a radio
るすばんでんわ	留守番電話	answering machine
れいぞうこ	冷蔵庫	refrigerator
ろうそく		candle
はずかしい	恥ずかしい	embarrassing; to feel embarrassed
あく	開く	(something) opens （～が）
あやまる	謝る	to apologize
おす	押す	to press; to push
おとす	落とす	to drop (something)
おゆがわく	お湯が沸く	water boils
ころぶ	転ぶ	to fall down
こわす	壊す	to break (something) （～を）
さく	咲く	to bloom
しまる	閉まる	(something) closes （～が）
つく		(something) turns on （～が）
よごす	汚す	to make dirty （～を）
おちる	落ちる	(something) drops （～が）
きえる	消える	(something) goes off
こわれる	壊れる	(something) breaks （～が）
よごれる	汚れる	to become dirty （～が）
ちゅうもんする	注文する	to place an order
いますぐ	今すぐ	right away
おかげで		thanks to... （～の）
おさきにしつれいします	お先に失礼します	See you. (lit., I'm leaving ahead of you.)
おつかれさま	お疲れ様	You must be tired after working so hard. (ritualistic expression) （でした）
だろう		short form of でしょう
どうしよう		What should I/we do?
まず		first of all
までに		by (time/date)
もくてき	目的	object; purpose
じょしがくせい	女子学生	female student
だんしがくせい	男子学生	male student
かていきょうし	家庭教師	tutor
サークル		club
せいかつひ	生活費	the cost of living
じむ	事務	clerical work
せいかつのゆとり	生活のゆとり	extra money to spare for the cost of living
ちょきん	貯金	savings
ワンルームマンション		one-room apartment; a studio
しょくひ	食費	food cost
だい	代	charge; fee
でんきだい	電気代	charge for electricity
まいつき	毎月	every month
ひっこし	引っ越し	moving
はじめは	初めは	at first
したしい	親しい	close; intimate
はる	春	spring
あき	秋	autumn
ふゆ	冬	winter
ふゆやすみ	冬休み	winter vacation
はな	花	flower
あね	姉	older sister
おねえさん	お姉さん	older sister
かんじ	漢字	Chinese character
こうがく	工学	engineering
けんきゅう	研究	research
しつもん	質問	question
おくさま	奥様	(your/his) wife (polite)
おこさん	お子さん	(your/their) child (polite)
おれい	お礼	expression of gratitude
けいご	警護	honorific language
こちら		this way (polite)
しゅるい	種類	a kind; a sort
ちゅうがくせい	中学生	junior high school student
どちら		where (polite)
なまけもの	怠け者	lazy person
はずかしがりや	恥ずかしがり屋	shy person
ぶちょう	部長	department manager
ぶんか	文化	culture
まちがい	間違い	mistake
なかがいい	仲がいい	be on good/close terms; to get along well
まじめな		serious; sober; diligent
いらっしゃる		honorific expression for いく, くる, and いる
おくる	送る	to walk/drive (someone) (person を place まで)
おこる	怒る	to get angry
おっしゃる		honorific expression for いう
おやすみになる	お休みになる	honorific expression for ねる
くださる	下さる	honorific expression for くれる
ごらんになる	ご覧になる	honorific expression for みる
しりあう	知り合う	to get acquainted with （～と）
ていらっしゃる		honorific expression for ～ている
なさる		honorific expression for する
ひっこす	引っ越す	to move (to another place to live) （～に）
めしあがる	召し上がる	honorific expression for たべる and のむ
よる	寄る	to stop by
かける		to sit down
はれる	晴れる	to become sunny
もてる		to be popular (in terms of romantic interest) (people に)
えんりょする	遠慮する	to hold back for the time being; to refrain from
ごちそうする		to treat/invite (someone) to a meal (person に meal を)
しょうたいする	招待する	to invite someone (to an event/a place) (person を event/place に)
ちゅういする	注意する	to watch out; to give warning
はなしをする	話をする	to have a talk
おととい		the day before yesterday
なぜ		why （＝どうして）
ほんとうは	本当は	in fact; originally
まいあさ	毎朝	every morning
まだ		still
めいさま	名様	party of ...people
ようこそ		Welcome.
よろしくおつたえください	よろしくお伝えください	Please give my best regards (to...) （～に）
いかが		how (polite expression of どう)
ちゅう	中	while...
おせわになる	お世話になる	to be in someone's care （～に）
おもいだす	思い出す	to recall
なつかしい		to miss; to long for
みなさま	みな様	everyone (polite expression of みなさん)
たいせつにする	大切にする	to take good care of
とつぜん	突然	suddenly
ゆうじん	友人	friend
こくさい	国際	international
けんきゅうする	研究する	to do research
のために		for...
もうしこむ	申し込む	to apply （～に）
もし～たら		if...
もうしわけありません	申し訳ありません	You have my apologies.
どうぞよろしくおねがいします	どうぞよろしくお願いします	Thank you in advance.
こえ	声	voice
おちゃ	お茶	Japanese tea
ちゃみせ	茶店	teahouse
いちまい	一枚	one sheet
さんりょう	三両	three ryoo
むりな	無理な	impossible
はらう	払う	to pay
こころ	心	heart; mind
いたい	痛い	painful
さいあく	最悪	the worst
あちら		that way (polite)
うちゅうじん	宇宙人	space alien
おと	音	sound
かかりのもの	係りの者	our person in charge
かど	角	corner
かみさま	神様	God
じ	字	letter; character
してん	支店	branch office
しゅみ	趣味	hobby; pastime
しょうせつ	小説	novel
しんごう	信号	traffic light
スニーカー		sneakers
せんす	扇子	fan
つき	月	moon
ハイヒール		high heels
や	屋	...shop
ゆうべ		last night
いたす	致す	extra-modest expression for する
うかがう	伺う	to humbly visit; to humbly ask
おる		extra-modest expression for いる
ござる		extra-modest expression for ある
ておる		extra-modest expression for ～ている
でござる		extra-modest expression for です
まいる	参る	extra-modest expression for いく and くる
まがる	曲がる	to turn (right/left) (corner を direction に)
もどる	戻る	to return; to come back
きこえる	聞こえる	to be audible （～が）
さしあげる	差し上げる	humble expression for あげる
つたえる	伝える	to convey (message)
またせる	待たせる	to keep (someone) waiting
こうかんする	交換する	to exchange
せいかつする	生活する	to lead a life
へんぴんする	返品する	to return (merchandise)
おや？		Oh!
かい	階	...th floor
かしこまりました		Certainly.
さあ		I am not sure,...
しつれいしました	失礼しました	I'm very sorry.
しょうしょう	少々	a few seconds
できれば		if possible
まことに	誠に	really (very polite)
みたいな		~ such as...
よろしかったら		if it is okay (polite)
らくご	落語	comic monologue
らくごか	落語家	comic storyteller
みぶり	身ぶり	gesture
いなか		the country
ねだん	値段	price
えさ		feed
とまる	止まる	to stop
きっと		surely
しゅじん	主人	owner
あんなに		so; such
だます		to deceive
だく	抱く	to hold something in one's arms
にこにこする		to smile
うれしそうに		happily
やった		I did it
なんども	何度も	many times
ぜったいに	絶対に	definitely; no matter what
わたす	渡す	to give; to hand
がっかりする		to be disappointed
ひっかく		to scratch
あぶない		unsafe; dangerous
しんじる	信じる	to believe
にだい	二台	two vehicles/machines/etc.
いぬ	犬	dog
おもい	重い	heavy; serious (illness)
わかい	若い	young
おくれる	遅れる	to be late
おそい	遅い	late
おとうと	弟	younger brother
きょうだい	兄弟	brothers
いもうと	妹	younger sister
あかちゃん	赤ちゃん	baby
か	蚊	mosquito
かいぎ	会議	business meeting; conference
ガソリン		gasoline
かんきょう	環境	environment
けいさつ	警察	police; police station
こうじょう	工場	factory
こと	事	things; matters
しゅうでん	終電	last train
スピーチ		speech
せいふ	政府	government
ちかん		sexual offender; lascivious man
どうりょう	同僚	colleague
どろぼう	泥棒	theif; burglar
バイト		abbreviation for アルバイト
はんにん	犯人	criminal
ポスター		poster
むかし	昔	old days; past
もんく	文句	complaint
もんくをいう	文句を言う	to complain
るす	留守	absence; not at home
とおい	遠い	far (away)
あんぜんな	安全な	safe
たいせつな	大切な	precious; valuable
めちゃくちゃな		messy; disorganized
おく	置く	to put; to lay; to place
きがつく	気が付く	to notice
ける		to kick
さす	刺す	to sting; to bite (bug); to stab
さわる	触る	to touch （～に）
つかまる	捕まる	to be arrested; to be caught
つつむ	包む	to wrap; to cover
なぐる	殴る	to strike; to hit; to punch
ぬすむ	盗む	to steal; to rob
ふむ	踏む	to step on （を）
ふる		to turn down (somebody); to reject; to jilt
やく	焼く	to bake
やる		to give (to pets, plants, younger siblings, etc.)
いじめる		to bully
きがえる	着替える	to change clothes
ためる		to save money
つづける	続ける	to continue
ほめる		to praise; to say nice things
まちがえる	間違える	to make a mistake
じゅんびする	準備する	to prepare
ばかにする		to insult; to make a fool of... （を）
びっくりする		to be surprised
ひるねをする	昼寝をする	to take a nap
れんらくする	連絡する	to contact （～に）
ころ		time of...; when...
とにかく		anyhow; anyway
めいしん	迷信	superstition
おこる	起こる	to occur; to happen
おおくの	多くの	many...
ただの		nothing more than...
にゅういんする	入院する	to be hospitalized
うらない	占い	fortunetelling
きにする	気にする	to worry
ながいあいだ	長い間	long time
いっしょうけんめい	一生懸命	very hard
ぜいたくをする		to indulge in luxury
めったに〜ない		seldom
しょくじ	食事	meal
ところが		however; on the contrary
たのしみ	楽しみ	pleasure
かよう	通う	to commute to （～に）
ふべんな	不便な	inconvenient
おまもり	お守り	charm (against evils); amulet
ぎんこう	銀行	bank
くろきさん	黒木さん	Mr./Mrs. Kuroki
くろい	黒い	black
ようじ	用事	a thing to take care of
しゅうまつ	週末	weekend
まつ	待つ	to wait
えき	駅	station
とうきょうえき	東京駅	Tokyo Station
わすれる	忘れる	to forget
うけつけ	受付	reception desk
えいかいわ	英会話	English conversation
おじょうさん	お嬢さん	(someone's) daughter (polite)
かじ	家事	household matters
かぜ	風	wind
き	木	tree
こうはい	後輩	junior members of a group
さる	猿	monkey
じゆう	自由	freedom
じゅく	塾	cram school
しょるい	書類	document
ひとりぐらし	一人暮らし	living alone
ぶか	部下	subordinate
ふくしゅう	復習	review lessons
プロジェクト		project
ボール		ball
むだづかい	無駄遣い	waste (money)
めんきょ	免許	license
よしゅう	予習	preparation of lessons
うるさい		noisy; annoying
しんぱいな	心配な	worried about （～が）
びんぼうな	貧乏な	poor
ぺらぺらな		fluent (language が)
へんな	変な	strange; unusual
らくな	楽な	easy; comfortable
かつ	勝つ	to win （～に）
コピーをとる	コピーを取る	to make a photocopy
はこぶ	運ぶ	to carry
ひろう	拾う	to pick up something
ふく	吹く	to blow
ほうっておく	放っておく	to leave (someone/something) alone; to neglect
まにあう	間に合う	to be in time （～に）
むかえにいく	迎えに行く	to go pick up (someone)
けいかくにいく	計画に行く	to make a plan
そだてる	育てる	to raise; to bring up
まける	負ける	to lose (a match) （～に）
おねがいする	お願いする	to pray for help
さんせいする	賛成する	to agree （～に）
しっぱいする	失敗する	to fail; to be unsuccessful
てつやする	徹夜する	to stay up all night
はんたいする	反対する	to oppose; to object to （～に）
ほんやくする	翻訳する	to translate
こんなふう		in this way
ずっと		for a long time; all the time
そんなことはない		I don't think so
とか		...for example
のんびり		in a leisurely way
もうすこし	もう少し	a little more
うらやましがる		(somebody is) envious
かえってくる	帰ってくる	to come back home
あいかわらず	相変わらず	as usual
タイプ		type
うまく		well; successfully; skillfully
うまくいく		to go well
まちどおしい	待ち遠しい	to wait eagerly for... ~（～が）
メッセージ		message
なんだか		somehow
しかたがない		cannot be helped
ホーム		platform
たのしそうに	楽しそうに	joyfully
しんゆう	親友	best friend
ゆうき	勇気	courage
にげる	逃げる	to run away; to escape
それで		therefore
かわりに	代わりに	instead
ふつかかん	二日間	for two days
かお	顔	face
たいへんな	大変な	tough; hectic
よこ	横	side
くらべる	比べる	to compare
ちょうさ	調査	survey; research
けっか	結果	result
こたえる	答える	to answer
こたえ	答え	answer
おもいで	思い出	memory
かいがいりょこう	海外旅行	trip to a foreign country
くつした	靴下	socks
こくさいでんわ	国際電話	international call
じゅぎょうりょう	授業料	tuition
しょうがっこう	小学校	elementary school
せんきょ	選挙	election
タイヤ		tire
ただ		free of charge
べっそう	別荘	villa; vacation home
ボーナス		bonus
ぼんおどり	盆踊り	Bon dance (Japanese traditional dance)
めんせつ	面接	interview
りそう	理想	ideal
るすばん	留守番	looking after a house during one's absence
まずい		(food is) terrible
あめがやむ	雨がやむ	the rain stops
いなくなる		(someone) is gone; to disappear
おなかをこわす		to have a stomachache
ちがう	違う	to be different; wrong
なくなる		to be lost; to disappear
わるぐちをいう	悪口を言う	to talk behind someone's back
うける	受ける	to take (an examination, interview, etc.)
かえる	換える	to change
はなれる	離れる	(something/someone) separates; parts from
かおをする	顔をする	to look... (facial expression)
がまんする	我慢する	to be tolerant/patient
せわをする	世話をする	to take care of... （～の）
どうじょうする	同情する	to sympathize （～に）
パンクする		(tire) goes flat
もどってくる	戻ってくる	(something/someone) comes back
ゆうしょうする	優勝する	to win a championship
いや		no
げんきでね	元気でね	Take care of yourself.
そうそう		You are right.
そろそろ		it is about time to...
そんな		such...; that kind of...
ものすごく		extremely
ひょうじょう	表情	facial expression
さいしょの	最初の	first...
さいごの	最後の	last...
じょうだん	冗談	joke
かんたんに	簡単に	easily
くち	口	mouth
このように		like this; this way
にんげん	人間	human being
ほとんど		almost
おなじような	同じような	similar
しゃかい	社会	society
かんじょう	感情	feeling; emotion
あらわす	表す	to express; to show
ぜんいん	全員	all members
けいべつ	軽蔑	contempt
いしやま	石山	(family name)
はじめて	初めて	for the first time
しつれい	失礼	Excuse me
もうす	申す	(humble form of 言う)
まえ	前	before; in front
りゅうがく	留学	study abroad
みた	三田	(family name)
だいがくいんせい	大学院生	graduate student
ブラウンくん	ブラウン君	Mr. Brown (casual)
でんきこうがく	電気工学	electrical engineering
せんこう	専攻	major
がくぶ	学部	college
きみも	君も	you too
じょうず	上手	good
おねがい	お願い	request, wish
とき	時	time
じつは	実は	actually; in fact
ちゅうがく	中学	junior high school
じょせい	女性	woman
とる	取る	to take
しごと	仕事	work, job
とまる	泊まる	to stay [over night] (v.i.)
あいだに	間に	while; during the time when; between
ところ	所	place
でんわ	電話	phone
なりた	成田	Narita [International Airport]
まち	町	town; city
だんせい	男性	man; male
しかた	仕方	way [of doing something]
うつくしい	美しい	beautiful
かんがえかた	考え方	way of thinking
しょうかい	紹介	introduction
たばかり		have just done ~
しつれいですが	失礼ですが	Excuse me [, but ...]
でいらっしゃる		(honoric form of です)
ねんまえから	年前から	since ~ years ago
りゅうがくする	留学する	to study abroad
いけだ	池田	(family name)
かとう	加藤	(family name)
ぼく	僕	I (used by male speakers towards equals or someone lower in status)
くん	君	(a form attached to a name in addressing someone. It is generaly used by male speakers towards someone equal or lower in status.)
せんこうする	専攻する	to major [in ~] （～を）
まゆみ		(family given name)
きみ	君	you (informal for men)
じょうずな	上手な	good [at ~] （～が）
ぜひ		by all means
おねがいします	お願いします	Please. (lit., I request.)
ところで		by the way
まだまだです		[I am] not good yet.
きょうみ	興味	interest
となり	隣	next door; next to
いちろう	一郎	(male given name; often given to the oldest son)
あそぶ	遊ぶ	to play
ちしき	知識	knowledge
ほうふな	豊富な	bountiful; plenty
ひこうき	飛行機	airplane
すわる	座る	to sit [in/on ~] （～に）
はなしかける	話しかける	to talk to
まえだ	前田	(family name)
ゆみ		(female given name)
せんげつ	先月	last month
つとめる	勤める	to work [for ~]; to be employed [at ~] （～に）
しゅうかん	週間	~ week[s]
きゅうか	休暇	vacation
かえるところ	帰るところ	to be returning home （だ）
そだつ	育つ	to grow up [in ~] (v.i.) （～で）
ことになっている		It has been arranged that
ひとばん	一晩	one night
とても		very [much]
きにいる	気に入る	to like ~; to be fond [of ~] （～が）
めいし	名刺	[name] card; business card
でんわばんごう	電話番号	telephone number
あおやま	青山	(family name)
ひろし	弘	(male given name)
つく	着く	to arrive [at ~] （～に）
じゅうすうじかん	十数時間	ten plus a few hours
かかる		it takes (with respect to time or money) (v.i.)
ひづけへんこうせん	日付変更線	International Date Line
むかえる	迎える	to welcome; to meet; to greet
みつかる		~ is found (v.i.)
とめる	泊める	to have ~ stay [over night] (v.t.)
ことになる		it has been decided/arranged that ~
ファースト・ネーム		first name
としうえ	年上	older
どうも		somehow; no matter how hard one may try
にくい		hard to ~; difficult to ~
じさボケ	時差ボケ	jet lag
ねむる	眠る	to sleep
アパートさがし	アパート探し	apartment hunting
ちかく	近く	nearby; in the neighborhood
けっきょく	結局	finally; in the end
てきとうな	適当な	appropriate; suitable
みつける	見つける	to find ~ (v.t.)
ことにする		to decide to
ちじん	知人	acquaintance
ていねいな		polite
ペラペラ		fluently
じこしょうかい	自己紹介	self-introduction
そのうち		before long
それから		and then; after that
ちゅうねん	中年	middle-aged
おたがい	お互い	each other
たら		when V
むすめ	娘	daughter
とても～ない		can't possibly ~
らしい		it seems that; evidently
カルチャーショック		culture shock
さげる	下げる	to lower (v.t.)
わかる	分かる	to understand ~ （～が）
ねむい	眠い	sleepy
にじはん	二時半	2:30
むずかしい	難しい	difficult; challenging
おおあめ	大雨	downpour; heavy rain
さきに	先に	ahead [of someone]
よしだ	吉田	(family name)
にちべい	日米	Japan and the U.S. （＝日本とアメリカ）
こまる	困る	to have difficulty (with ~) （～に）
たぶん	多分	probably
かわり	代わり	instead of; on the other hand; while ~
あたる	当たる	to correspond [to ~] （～に）
めうえ	目上	person of higher status; one's senior
せつめい	説明	explanation
れい	例	example
たいして	対して	with respect to; for; in contrast
すうじつまえに	数日前に	several days ago
きまりもんく	決まり文句	set phrase
ようご	用語	terms
ほうが	方が	more than
きゃく	客	guest
おぼえる	覚える	to learn; to commit to memory; to remember
だいじな	大事な	important
きょういく	教育	education
あいさつ		greeting
おかしい		strange; odd; funny
けさ		this morning
えしゃくする	会釈する	to greet by bowing slightly
こういうふうに		this way; in this manner
あたま	頭	head
おじぎ		bow
なる	鳴る	to ring (v.i.)
めをさます	目を覚ます	to wake up
どうしつ	同室	same room
ねむそうな	眠そうな	looking sleepy
ねる	寝る	to sleep; to go to bed
それに		moreover; besides
なかなか～ない		not easily
とけい	時計	clock; watch
たいへんだ	大変だ	Oh, no!
ちゃう		(contraction of てしまう)
しかも		moreover; besides
ザーザーぶり	ザーザー降り	pouring rain
すごく		(to rain) hard; terribly; tremendously
ふる	降る	to fall (e.g., rain, snow, etc.)
いそぐ	急ぐ	to hurry; to be in a hurry
またあとで	また後で	See you later.
であう	出会う	to run into [someone] （～に）
こうこうじだい	高校時代	high school years
どうきゅうせい	同級生	classmate
いつ～かわからない	いつ～か分からない	don't know when ~
ごめん		Sorry. (informal)
てがみをだす	手紙を出す	to send/mail a letter
２１０ごうしつ	２１０号室	Room 210
しばらくぶり		for the first time in a long time
しか～ない		only; no more than
つまり		namely; in other words; in short
ひじょうに	非常に	extremely; very
そのかわりに	その代わりに	in place of that
さむい	寒い	cold (with reference to weather)
によって		depending on ~
よい		＝いい
わかれる	別れる	to part [from ~]; to say farewell [to ~] （～と）
へんなかおをする	変な顔をする	to look annoyed; to look puzzled
それにたいして	それに対して	in response to that
せんじつ	先日	the other day
いっぱんてき	一般的	generally
のほうが	の方が	~ is more ... than
しょくじをだす	食事を出す	to offer a meal
しゃかいきょういく	社会教育	social education
さんまい	三枚	three flat objects
きって	切手	postage stamp
おもな	主な	main
りようする	利用する	to make use of
べんり[な]	便利[な]	convenient
おこなう	行う	to carry out; to conduct (usually used in written language)
いがい	以外	other than
にゅうがく	入学	admission to school
きこくする	帰国する	to return to one's home country
かならずしも～ない	必ずしも～ない	not necessarily
かいわ	会話	dialogue
けんきゅうしつ	研究室	[professor's] office
まい	枚	(counter for thin, flat objects such as sheets of paper)
きまつしけん	期末試験	final exam (lit., semester-end exam)
のこと		it's about ~
しかたない	仕方ない	It can't be helped.
けっこうです		That's fine.
もんぶしょう	文部省	Ministry of Education
ようし	用紙	form
あてさき	宛先	address to send mail to
ふうとう	封筒	envelope
ねつ	熱	fever
あたまがいたい	頭が痛い	to have a headache (lit., the head is hurting)
だいじょうぶ		all right
わるいけど	悪いけど	I am sorry, but
じょうほう	情報	information
おも[な]	主[な]	main
こうかんプログラム	交換プログラム	exchange program
べんりな	便利な	convenient
そのばあい	その場合	in that case
かず	数	number
だいたい		approximately; in most cases; in general
ふつう	普通	common; usual
おおければおおいほど	多ければ多いほど	the more [students] there are, the more ~
しょるいせんこう	書類選考	screening by application forms; selection by examining one's papers
せいせき	成績	grade; academic record
せいかく	性格	character; personality
たいど	態度	attitude
はっきりする		to become clear
ゆうせんする	優先する	to give priority; to prefer
ほとんど～ない		hardly
たんい	単位	credit [for a course]
みとめる	認める	to recognize; to approve
こうしょうする	交渉する	to negotiate
わけではない		it's not the case that
りゅうがくせいべっか	留学生別科	special division for foreign students
こくさいがくぶ	国際学部	International Division
そのほか		besides; in addition
れきし	歴史	history
せいじ	政治	politics
しゅうきょう	宗教	religion
しかし		however; but
サークルかつどう	サークル活動	extracurricular activities
なるべく		if possible; as~as possible
べきだ		should
かてい	家庭	home; family
ことができる		can
きぼう	希望	wish; hope
きぼうしゃ	希望者	one who wishes to do ~ （＝希望する人）
もの	者	person (＝人）
じゅうたくじじょう	住宅事情	housing conditions
しゃしん	写真	picture; photograph
アメリカし	アメリカ史	American history
おにいさん	お兄さん	[someone else's] older brother
にる	似る	to resemble
しゅう	州	province
じんこう	人口	population
まちがう	間違う	to make a mistake
みずうみ	湖	lake
つれる	連れる	to lead
ゆうしょく	夕食	dinner (lit., evening meal)
ひさしぶり	久しぶり	for the first time in a long time
ほんとう	本当	really; truly
すえ	末	end
あつい	暑い	hot (with reference to weather)
はやい	速い	fast; quick
こんがっき	今学期	this semester
やくにたつ	役に立つ	to be useful
からだ	体	body; health
かわる	変わる	to change (v.i.)
ぶっきょう	仏教	Buddhism
しんぶんきじ	新聞記事	newspaper article
ごばい	五倍	5 times [as much]
こんばん	今晩	this evening
さいふ	財布	wallet
せい	背	one's height
めずらしい	珍しい	rare
ぜんぜん	全然	not at all
しゅうと	州都	state capital
みなさん	皆さん	all of you
きょか	許可	permission
もとめる	求める	to request; to ask for
ぐうぜん	偶然	by chance
はいけい	拝啓	(formal greeting used at the beginning of a letter)
あたたかい	暖かい	pleasantly warm (with reference to weather)
こうよう	紅葉	fall colors [of leaves]
たつ	経つ	[time] passes
おもしろい	面白い	interesting
すむ	済む	need
りょうり	料理	cooking; cuisine
もの	物	thing
たいじゅう	体重	[body] weight
ひまな	暇な	free time
けいぐ	敬具	Sincerely (used at the end of a letter)
さま	様	Dear ~ (added to the name of the addressee at the end of a letter)
ホームステイさき	ホームステイ先	留学生がホームステイをしている家
べつに～ない	別に～ない	not particularly
いもうとさん	妹さん	[someone else's] younger sister
にている	似ている	to resemble [~] （～に）
かわいい		cute; lovely
ぜんぜん～ない	全然～ない	not at all
たしか		if I remember correctly
にばんめに	二番目に	second [largest]
へえ		Really? Gee! You're kidding.
ちじ	知事	governor
すばらしい		wonderful; terrific
こんどの	今度の	this [coming] ~
なんて		things like （＝などと）
たところだ		have just done something
ほんとうに	本当に	really; truly
かまいません		it's all right; one doesn't mind
うえだ	上田	(family name)
みちこ	みち子	(female given name)
のように		like N
さえ		even
ごぶさたする		to neglect to write for a long time; not to correspond for some time
そのご	その後	since I saw you last; since that time
いつのまにか		before I knew it
だいぶ		fairly well; to a large extent; pretty much
ひどい		terrible; awful
ショック		shock
ないですむ	ないで済む	to get by without ~ing; to come off without ~
ばい	倍	~ times [as much]
すぎる		to do something too much; too ~
ひまなとき	暇な時	free time
かた	方	(honorific form for 人)
よろしく		Say hello [to ~] for me. （～に）
ほん	本	(1) book (2) counter for long objects
かえる	帰る	to return; to go home
はなし	話	chat; talk; story
とくに	特に	particularly; especially
ことば	言葉	language; word; expression
する		(1) to do (2) to decide [~on] （〜に）(3) to cost (4) to wear small items (necktie, watch, etc.)
め	目	(1) eyes (2) -th
だす	出す	(1) to send; to mail (2) to take (something) out; to hand in (something)
いれる	入れる	(1) to put (something) in (thing を person に) (2) to make tea, coffee, etc.
あんないする	案内する	to guide; to show (someone) around
また		again; in addition
はっぴょうする	発表する	(1) to give a presentation (2) to make public; to publish
ずいぶん		very; quite a lot
おわる	終わる	to come to an end; to finish (v.i.)
たすかる	助かる	to be saved; to be helped (v.i.)
たのむ	頼む	to request; to ask (a favor)
おおい	多い	many; there is/are a lot
きまる	決まる	to be decided; to be set/fixed （〜が） (v.i.)
よぶ	呼ぶ	(1) to call (one's name) (2) to call ~ by ...…で） (3) to invite
たいへん	大変	(1) greatly (2) tough situation
それでは		well then; if that is the case
いただく	頂く	(1) extra-modest expression for たべる and のむ (2) humble expression for もらう
はる	貼る	to paste; to attach; to post
いっかい	一回	one time; per occasion
いちばん	一番	the first; most
あいて	相手	partner; addressee; the person you are talking to
